model,bic,delta_bic,aic,reduced_chi2,rms_frac_velocity,constraint_penalty,k_params,tried,rejected,method
rar,27804.637,0.0,27786.25,8.1996,0.29801,0.0,3,240,0,grid
mond_simple,28034.343,229.707,28015.957,8.2674,0.30006,0.0,3,240,0,grid
mond_standard,28349.789,545.153,28331.403,8.3605,0.29926,0.0,3,240,0,grid
nfw_hier,29099.333,1294.697,29050.302,8.5824,0.30372,0.0,8,3000,0,random_seed_43
psichi,37445.932,9641.295,37403.03,11.0488,0.3292,0.002849,7,3000,0,lhc_seed_42
nfw_local,39729.754,11925.118,37572.389,12.1318,0.27029,0.0,352,30,0,grid_per_gal
pop_nfw,44876.331,17071.695,44845.687,13.2415,0.29499,0.0,5,630,0,grid_global
newton,103659.213,75854.577,103646.956,30.5822,0.37667,0.0,2,30,0,grid
