model,bic,delta_bic,aic,reduced_chi2,rms_frac_velocity,constraint_penalty,k_params,tried,rejected,method
rar,27804.637,0.0,27786.25,8.1996,0.29801,0.0,3,240,0,grid
psichi,33675.845,5871.208,33632.942,9.9347,0.27885,0.0,7,5000,0,lhc_seed_42
pop_nfw,103322.502,75517.865,103291.857,30.5026,0.37861,0.0,5,630,0,grid_global
newton,103659.213,75854.577,103646.956,30.5822,0.37667,0.0,2,30,0,grid
